SEF	1.0.0
ID	Maputo
Name	Maputo, Mozambique
Lat	-25.9692
Lon	32.5732
Alt	NA
Source	C3S_SouthAfrica
Link	NA
Vbl	Tn
Stat	minimum
Units	C
Meta	alias=Lourenço Marques
Year	Month	Day	Hour	Minute	Period	Value	Meta
1876	10	01	NA	NA	day	NA	orig=NA|orig.time=NA|orig.date=1876-10-1
1876	10	02	NA	NA	day	NA	orig=NA|orig.time=NA|orig.date=1876-10-2
1876	10	03	NA	NA	day	NA	orig=NA|orig.time=NA|orig.date=1876-10-3
1876	10	04	NA	NA	day	NA	orig=NA|orig.time=NA|orig.date=1876-10-4
1876	10	05	NA	NA	day	NA	orig=NA|orig.time=NA|orig.date=1876-10-5
1876	10	06	NA	NA	day	NA	orig=NA|orig.time=NA|orig.date=1876-10-6
1876	10	07	NA	NA	day	NA	orig=NA|orig.time=NA|orig.date=1876-10-7
1876	10	08	NA	NA	day	NA	orig=NA|orig.time=NA|orig.date=1876-10-8
1876	10	09	NA	NA	day	NA	orig=NA|orig.time=NA|orig.date=1876-10-9
1876	10	10	NA	NA	day	NA	orig=NA|orig.time=NA|orig.date=1876-10-10
1876	10	11	NA	NA	day	NA	orig=NA|orig.time=NA|orig.date=1876-10-11
1876	10	12	NA	NA	day	NA	orig=NA|orig.time=NA|orig.date=1876-10-12
1876	10	13	NA	NA	day	NA	orig=NA|orig.time=NA|orig.date=1876-10-13
1876	10	14	NA	NA	day	NA	orig=NA|orig.time=NA|orig.date=1876-10-14
1876	10	15	NA	NA	day	NA	orig=NA|orig.time=NA|orig.date=1876-10-15
1876	10	16	NA	NA	day	NA	orig=NA|orig.time=NA|orig.date=1876-10-16
1876	10	17	NA	NA	day	NA	orig=NA|orig.time=NA|orig.date=1876-10-17
1876	10	18	NA	NA	day	NA	orig=NA|orig.time=NA|orig.date=1876-10-18
1876	10	19	NA	NA	day	NA	orig=NA|orig.time=NA|orig.date=1876-10-19
1876	10	20	NA	NA	day	NA	orig=NA|orig.time=NA|orig.date=1876-10-20
1876	10	21	NA	NA	day	NA	orig=NA|orig.time=NA|orig.date=1876-10-21
1876	10	22	NA	NA	day	NA	orig=NA|orig.time=NA|orig.date=1876-10-22
1876	10	23	NA	NA	day	NA	orig=NA|orig.time=NA|orig.date=1876-10-23
1876	10	24	NA	NA	day	NA	orig=NA|orig.time=NA|orig.date=1876-10-24
1876	10	25	NA	NA	day	NA	orig=NA|orig.time=NA|orig.date=1876-10-25
1876	10	26	NA	NA	day	NA	orig=NA|orig.time=NA|orig.date=1876-10-26
1876	10	27	NA	NA	day	NA	orig=NA|orig.time=NA|orig.date=1876-10-27
1876	10	28	NA	NA	day	NA	orig=NA|orig.time=NA|orig.date=1876-10-28
1876	10	29	NA	NA	day	NA	orig=NA|orig.time=NA|orig.date=1876-10-29
1876	10	30	NA	NA	day	NA	orig=NA|orig.time=NA|orig.date=1876-10-30
1876	10	31	NA	NA	day	NA	orig=NA|orig.time=NA|orig.date=1876-10-31
1876	11	01	NA	NA	day	NA	orig=NA|orig.time=NA|orig.date=1876-11-1
1876	11	02	NA	NA	day	NA	orig=NA|orig.time=NA|orig.date=1876-11-2
1876	11	03	NA	NA	day	NA	orig=NA|orig.time=NA|orig.date=1876-11-3
1876	11	04	NA	NA	day	NA	orig=NA|orig.time=NA|orig.date=1876-11-4
1876	11	05	NA	NA	day	NA	orig=NA|orig.time=NA|orig.date=1876-11-5
1876	11	06	NA	NA	day	NA	orig=NA|orig.time=NA|orig.date=1876-11-6
1876	11	07	NA	NA	day	NA	orig=NA|orig.time=NA|orig.date=1876-11-7
1876	11	08	NA	NA	day	NA	orig=NA|orig.time=NA|orig.date=1876-11-8
1876	11	09	NA	NA	day	NA	orig=NA|orig.time=NA|orig.date=1876-11-9
1876	11	10	NA	NA	day	NA	orig=NA|orig.time=NA|orig.date=1876-11-10
1876	11	11	NA	NA	day	NA	orig=NA|orig.time=NA|orig.date=1876-11-11
1876	11	12	NA	NA	day	NA	orig=NA|orig.time=NA|orig.date=1876-11-12
1876	11	13	NA	NA	day	NA	orig=NA|orig.time=NA|orig.date=1876-11-13
1876	11	14	NA	NA	day	NA	orig=NA|orig.time=NA|orig.date=1876-11-14
1876	11	15	NA	NA	day	NA	orig=NA|orig.time=NA|orig.date=1876-11-15
1876	11	16	NA	NA	day	NA	orig=NA|orig.time=NA|orig.date=1876-11-16
1876	11	17	NA	NA	day	NA	orig=NA|orig.time=NA|orig.date=1876-11-17
1876	11	18	NA	NA	day	NA	orig=NA|orig.time=NA|orig.date=1876-11-18
1876	11	19	NA	NA	day	NA	orig=NA|orig.time=NA|orig.date=1876-11-19
1876	11	20	NA	NA	day	NA	orig=NA|orig.time=NA|orig.date=1876-11-20
1876	11	21	NA	NA	day	NA	orig=NA|orig.time=NA|orig.date=1876-11-21
1876	11	22	NA	NA	day	NA	orig=NA|orig.time=NA|orig.date=1876-11-22
1876	11	23	NA	NA	day	NA	orig=NA|orig.time=NA|orig.date=1876-11-23
1876	11	24	NA	NA	day	NA	orig=NA|orig.time=NA|orig.date=1876-11-24
1876	11	25	NA	NA	day	NA	orig=NA|orig.time=NA|orig.date=1876-11-25
1876	11	26	NA	NA	day	NA	orig=NA|orig.time=NA|orig.date=1876-11-26
1876	11	27	NA	NA	day	NA	orig=NA|orig.time=NA|orig.date=1876-11-27
1876	11	28	NA	NA	day	NA	orig=NA|orig.time=NA|orig.date=1876-11-28
1876	11	29	NA	NA	day	NA	orig=NA|orig.time=NA|orig.date=1876-11-29
1876	11	30	NA	NA	day	NA	orig=NA|orig.time=NA|orig.date=1876-11-30
1877	04	01	NA	NA	day	NA	orig=NA|orig.time=NA|orig.date=1877-4-1
1877	04	02	NA	NA	day	NA	orig=NA|orig.time=NA|orig.date=1877-4-2
1877	04	03	NA	NA	day	NA	orig=NA|orig.time=NA|orig.date=1877-4-3
1877	04	04	NA	NA	day	NA	orig=NA|orig.time=NA|orig.date=1877-4-4
1877	04	05	NA	NA	day	NA	orig=NA|orig.time=NA|orig.date=1877-4-5
1877	04	06	NA	NA	day	NA	orig=NA|orig.time=NA|orig.date=1877-4-6
1877	04	07	NA	NA	day	NA	orig=NA|orig.time=NA|orig.date=1877-4-7
1877	04	08	NA	NA	day	NA	orig=NA|orig.time=NA|orig.date=1877-4-8
1877	04	09	NA	NA	day	NA	orig=NA|orig.time=NA|orig.date=1877-4-9
1877	04	10	NA	NA	day	NA	orig=NA|orig.time=NA|orig.date=1877-4-10
1877	04	11	NA	NA	day	NA	orig=NA|orig.time=NA|orig.date=1877-4-11
1877	04	12	NA	NA	day	NA	orig=NA|orig.time=NA|orig.date=1877-4-12
1877	04	13	NA	NA	day	NA	orig=NA|orig.time=NA|orig.date=1877-4-13
1877	04	14	NA	NA	day	NA	orig=NA|orig.time=NA|orig.date=1877-4-14
1877	04	15	NA	NA	day	NA	orig=NA|orig.time=NA|orig.date=1877-4-15
1877	04	16	NA	NA	day	NA	orig=NA|orig.time=NA|orig.date=1877-4-16
1877	04	17	NA	NA	day	NA	orig=NA|orig.time=NA|orig.date=1877-4-17
1877	04	18	NA	NA	day	NA	orig=NA|orig.time=NA|orig.date=1877-4-18
1877	04	19	NA	NA	day	NA	orig=NA|orig.time=NA|orig.date=1877-4-19
1877	04	20	NA	NA	day	NA	orig=NA|orig.time=NA|orig.date=1877-4-20
1877	04	21	NA	NA	day	NA	orig=NA|orig.time=NA|orig.date=1877-4-21
1877	04	22	NA	NA	day	NA	orig=NA|orig.time=NA|orig.date=1877-4-22
1877	04	23	NA	NA	day	NA	orig=NA|orig.time=NA|orig.date=1877-4-23
1877	04	24	NA	NA	day	NA	orig=NA|orig.time=NA|orig.date=1877-4-24
1877	04	25	NA	NA	day	NA	orig=NA|orig.time=NA|orig.date=1877-4-25
1877	04	26	NA	NA	day	NA	orig=NA|orig.time=NA|orig.date=1877-4-26
1877	04	27	NA	NA	day	NA	orig=NA|orig.time=NA|orig.date=1877-4-27
1877	04	28	NA	NA	day	NA	orig=NA|orig.time=NA|orig.date=1877-4-28
1877	04	29	NA	NA	day	NA	orig=NA|orig.time=NA|orig.date=1877-4-29
1877	04	30	NA	NA	day	NA	orig=NA|orig.time=NA|orig.date=1877-4-30
1877	05	01	NA	NA	day	NA	orig=NA|orig.time=NA|orig.date=1877-5-1
1877	05	02	NA	NA	day	NA	orig=NA|orig.time=NA|orig.date=1877-5-2
1877	05	03	NA	NA	day	NA	orig=NA|orig.time=NA|orig.date=1877-5-3
1877	05	04	NA	NA	day	NA	orig=NA|orig.time=NA|orig.date=1877-5-4
1877	05	05	NA	NA	day	NA	orig=NA|orig.time=NA|orig.date=1877-5-5
1877	05	06	NA	NA	day	NA	orig=NA|orig.time=NA|orig.date=1877-5-6
1877	05	07	NA	NA	day	NA	orig=NA|orig.time=NA|orig.date=1877-5-7
1877	05	08	NA	NA	day	NA	orig=NA|orig.time=NA|orig.date=1877-5-8
1877	05	09	NA	NA	day	NA	orig=NA|orig.time=NA|orig.date=1877-5-9
1877	05	10	NA	NA	day	NA	orig=NA|orig.time=NA|orig.date=1877-5-10
1877	05	11	NA	NA	day	NA	orig=NA|orig.time=NA|orig.date=1877-5-11
1877	05	12	NA	NA	day	NA	orig=NA|orig.time=NA|orig.date=1877-5-12
1877	05	13	NA	NA	day	NA	orig=NA|orig.time=NA|orig.date=1877-5-13
1877	05	14	NA	NA	day	NA	orig=NA|orig.time=NA|orig.date=1877-5-14
1877	05	15	NA	NA	day	NA	orig=NA|orig.time=NA|orig.date=1877-5-15
1877	05	16	NA	NA	day	NA	orig=NA|orig.time=NA|orig.date=1877-5-16
1877	05	17	NA	NA	day	NA	orig=NA|orig.time=NA|orig.date=1877-5-17
1877	05	18	NA	NA	day	NA	orig=NA|orig.time=NA|orig.date=1877-5-18
1877	05	19	NA	NA	day	NA	orig=NA|orig.time=NA|orig.date=1877-5-19
1877	05	20	NA	NA	day	NA	orig=NA|orig.time=NA|orig.date=1877-5-20
1877	05	21	NA	NA	day	NA	orig=NA|orig.time=NA|orig.date=1877-5-21
1877	05	22	NA	NA	day	NA	orig=NA|orig.time=NA|orig.date=1877-5-22
1877	05	23	NA	NA	day	NA	orig=NA|orig.time=NA|orig.date=1877-5-23
1877	05	24	NA	NA	day	NA	orig=NA|orig.time=NA|orig.date=1877-5-24
1877	05	25	NA	NA	day	NA	orig=NA|orig.time=NA|orig.date=1877-5-25
1877	05	26	NA	NA	day	NA	orig=NA|orig.time=NA|orig.date=1877-5-26
1877	05	27	NA	NA	day	NA	orig=NA|orig.time=NA|orig.date=1877-5-27
1877	05	28	NA	NA	day	NA	orig=NA|orig.time=NA|orig.date=1877-5-28
1877	05	29	NA	NA	day	NA	orig=NA|orig.time=NA|orig.date=1877-5-29
1877	05	30	NA	NA	day	NA	orig=NA|orig.time=NA|orig.date=1877-5-30
1877	05	31	NA	NA	day	NA	orig=NA|orig.time=NA|orig.date=1877-5-31
1877	06	01	NA	NA	day	NA	orig=NA|orig.time=NA|orig.date=1877-6-1
1877	06	02	NA	NA	day	NA	orig=NA|orig.time=NA|orig.date=1877-6-2
1877	06	03	NA	NA	day	NA	orig=NA|orig.time=NA|orig.date=1877-6-3
1877	06	04	NA	NA	day	NA	orig=NA|orig.time=NA|orig.date=1877-6-4
1877	06	05	NA	NA	day	NA	orig=NA|orig.time=NA|orig.date=1877-6-5
1877	06	06	NA	NA	day	NA	orig=NA|orig.time=NA|orig.date=1877-6-6
1877	06	07	NA	NA	day	NA	orig=NA|orig.time=NA|orig.date=1877-6-7
1877	06	08	NA	NA	day	NA	orig=NA|orig.time=NA|orig.date=1877-6-8
1877	06	09	NA	NA	day	NA	orig=NA|orig.time=NA|orig.date=1877-6-9
1877	06	10	NA	NA	day	NA	orig=NA|orig.time=NA|orig.date=1877-6-10
1877	06	11	NA	NA	day	NA	orig=NA|orig.time=NA|orig.date=1877-6-11
1877	06	12	NA	NA	day	NA	orig=NA|orig.time=NA|orig.date=1877-6-12
1877	06	13	NA	NA	day	NA	orig=NA|orig.time=NA|orig.date=1877-6-13
1877	06	14	NA	NA	day	NA	orig=NA|orig.time=NA|orig.date=1877-6-14
1877	06	15	NA	NA	day	NA	orig=NA|orig.time=NA|orig.date=1877-6-15
1877	06	16	NA	NA	day	NA	orig=NA|orig.time=NA|orig.date=1877-6-16
1877	06	17	NA	NA	day	NA	orig=NA|orig.time=NA|orig.date=1877-6-17
1877	06	18	NA	NA	day	NA	orig=NA|orig.time=NA|orig.date=1877-6-18
1877	06	19	NA	NA	day	NA	orig=NA|orig.time=NA|orig.date=1877-6-19
1877	06	20	NA	NA	day	NA	orig=NA|orig.time=NA|orig.date=1877-6-20
1877	06	21	NA	NA	day	NA	orig=NA|orig.time=NA|orig.date=1877-6-21
1877	06	22	NA	NA	day	NA	orig=NA|orig.time=NA|orig.date=1877-6-22
1877	06	23	NA	NA	day	NA	orig=NA|orig.time=NA|orig.date=1877-6-23
1877	06	24	NA	NA	day	NA	orig=NA|orig.time=NA|orig.date=1877-6-24
1877	06	25	NA	NA	day	NA	orig=NA|orig.time=NA|orig.date=1877-6-25
1877	06	26	NA	NA	day	NA	orig=NA|orig.time=NA|orig.date=1877-6-26
1877	06	27	NA	NA	day	NA	orig=NA|orig.time=NA|orig.date=1877-6-27
1877	06	28	NA	NA	day	NA	orig=NA|orig.time=NA|orig.date=1877-6-28
1877	06	29	NA	NA	day	NA	orig=NA|orig.time=NA|orig.date=1877-6-29
1877	06	30	NA	NA	day	NA	orig=NA|orig.time=NA|orig.date=1877-6-30
1877	07	01	NA	NA	day	NA	orig=NA|orig.time=NA|orig.date=1877-7-1
1877	07	02	NA	NA	day	NA	orig=NA|orig.time=NA|orig.date=1877-7-2
1877	07	03	NA	NA	day	NA	orig=NA|orig.time=NA|orig.date=1877-7-3
1877	07	04	NA	NA	day	NA	orig=NA|orig.time=NA|orig.date=1877-7-4
1877	07	05	NA	NA	day	NA	orig=NA|orig.time=NA|orig.date=1877-7-5
1877	07	06	NA	NA	day	NA	orig=NA|orig.time=NA|orig.date=1877-7-6
1877	07	07	NA	NA	day	NA	orig=NA|orig.time=NA|orig.date=1877-7-7
1877	07	08	NA	NA	day	NA	orig=NA|orig.time=NA|orig.date=1877-7-8
1877	07	09	NA	NA	day	NA	orig=NA|orig.time=NA|orig.date=1877-7-9
1877	07	10	NA	NA	day	NA	orig=NA|orig.time=NA|orig.date=1877-7-10
1877	07	11	NA	NA	day	NA	orig=NA|orig.time=NA|orig.date=1877-7-11
1877	07	12	NA	NA	day	NA	orig=NA|orig.time=NA|orig.date=1877-7-12
1877	07	13	NA	NA	day	NA	orig=NA|orig.time=NA|orig.date=1877-7-13
1877	07	14	NA	NA	day	NA	orig=NA|orig.time=NA|orig.date=1877-7-14
1877	07	15	NA	NA	day	NA	orig=NA|orig.time=NA|orig.date=1877-7-15
1877	07	16	NA	NA	day	NA	orig=NA|orig.time=NA|orig.date=1877-7-16
1877	07	17	NA	NA	day	NA	orig=NA|orig.time=NA|orig.date=1877-7-17
1877	07	18	NA	NA	day	NA	orig=NA|orig.time=NA|orig.date=1877-7-18
1877	07	19	NA	NA	day	NA	orig=NA|orig.time=NA|orig.date=1877-7-19
1877	07	20	NA	NA	day	NA	orig=NA|orig.time=NA|orig.date=1877-7-20
1877	07	21	NA	NA	day	NA	orig=NA|orig.time=NA|orig.date=1877-7-21
1877	07	22	NA	NA	day	NA	orig=NA|orig.time=NA|orig.date=1877-7-22
1877	07	23	NA	NA	day	NA	orig=NA|orig.time=NA|orig.date=1877-7-23
1877	07	24	NA	NA	day	NA	orig=NA|orig.time=NA|orig.date=1877-7-24
1877	07	25	NA	NA	day	NA	orig=NA|orig.time=NA|orig.date=1877-7-25
1877	07	26	NA	NA	day	NA	orig=NA|orig.time=NA|orig.date=1877-7-26
1877	07	27	NA	NA	day	NA	orig=NA|orig.time=NA|orig.date=1877-7-27
1877	07	28	NA	NA	day	NA	orig=NA|orig.time=NA|orig.date=1877-7-28
1877	07	29	NA	NA	day	NA	orig=NA|orig.time=NA|orig.date=1877-7-29
1877	07	30	NA	NA	day	NA	orig=NA|orig.time=NA|orig.date=1877-7-30
1877	07	31	NA	NA	day	NA	orig=NA|orig.time=NA|orig.date=1877-7-31
1877	08	01	NA	NA	day	NA	orig=NA|orig.time=NA|orig.date=1877-8-1
1877	08	02	NA	NA	day	NA	orig=NA|orig.time=NA|orig.date=1877-8-2
1877	08	03	NA	NA	day	NA	orig=NA|orig.time=NA|orig.date=1877-8-3
1877	08	04	NA	NA	day	NA	orig=NA|orig.time=NA|orig.date=1877-8-4
1877	08	05	NA	NA	day	NA	orig=NA|orig.time=NA|orig.date=1877-8-5
1877	08	06	NA	NA	day	NA	orig=NA|orig.time=NA|orig.date=1877-8-6
1877	08	07	NA	NA	day	NA	orig=NA|orig.time=NA|orig.date=1877-8-7
1877	08	08	NA	NA	day	NA	orig=NA|orig.time=NA|orig.date=1877-8-8
1877	08	09	NA	NA	day	NA	orig=NA|orig.time=NA|orig.date=1877-8-9
1877	08	10	NA	NA	day	NA	orig=NA|orig.time=NA|orig.date=1877-8-10
1877	08	11	NA	NA	day	NA	orig=NA|orig.time=NA|orig.date=1877-8-11
1877	08	12	NA	NA	day	NA	orig=NA|orig.time=NA|orig.date=1877-8-12
1877	08	13	NA	NA	day	NA	orig=NA|orig.time=NA|orig.date=1877-8-13
1877	08	14	NA	NA	day	NA	orig=NA|orig.time=NA|orig.date=1877-8-14
1877	08	15	NA	NA	day	NA	orig=NA|orig.time=NA|orig.date=1877-8-15
1877	08	16	NA	NA	day	NA	orig=NA|orig.time=NA|orig.date=1877-8-16
1877	08	17	NA	NA	day	NA	orig=NA|orig.time=NA|orig.date=1877-8-17
1877	08	18	NA	NA	day	NA	orig=NA|orig.time=NA|orig.date=1877-8-18
1877	08	19	NA	NA	day	NA	orig=NA|orig.time=NA|orig.date=1877-8-19
1877	08	20	NA	NA	day	NA	orig=NA|orig.time=NA|orig.date=1877-8-20
1877	08	21	NA	NA	day	NA	orig=NA|orig.time=NA|orig.date=1877-8-21
1877	08	22	NA	NA	day	NA	orig=NA|orig.time=NA|orig.date=1877-8-22
1877	08	23	NA	NA	day	NA	orig=NA|orig.time=NA|orig.date=1877-8-23
1877	08	24	NA	NA	day	NA	orig=NA|orig.time=NA|orig.date=1877-8-24
1877	08	25	NA	NA	day	NA	orig=NA|orig.time=NA|orig.date=1877-8-25
1877	08	26	NA	NA	day	NA	orig=NA|orig.time=NA|orig.date=1877-8-26
1877	08	27	NA	NA	day	NA	orig=NA|orig.time=NA|orig.date=1877-8-27
1877	08	28	NA	NA	day	NA	orig=NA|orig.time=NA|orig.date=1877-8-28
1877	08	29	NA	NA	day	NA	orig=NA|orig.time=NA|orig.date=1877-8-29
1877	08	30	NA	NA	day	NA	orig=NA|orig.time=NA|orig.date=1877-8-30
1877	08	31	NA	NA	day	NA	orig=NA|orig.time=NA|orig.date=1877-8-31
1877	09	01	NA	NA	day	NA	orig=NA|orig.time=NA|orig.date=1877-9-1
1877	09	02	NA	NA	day	NA	orig=NA|orig.time=NA|orig.date=1877-9-2
1877	09	03	NA	NA	day	NA	orig=NA|orig.time=NA|orig.date=1877-9-3
1877	09	04	NA	NA	day	NA	orig=NA|orig.time=NA|orig.date=1877-9-4
1877	09	05	NA	NA	day	NA	orig=NA|orig.time=NA|orig.date=1877-9-5
1877	09	06	NA	NA	day	NA	orig=NA|orig.time=NA|orig.date=1877-9-6
1877	09	07	NA	NA	day	NA	orig=NA|orig.time=NA|orig.date=1877-9-7
1877	09	08	NA	NA	day	NA	orig=NA|orig.time=NA|orig.date=1877-9-8
1877	09	09	NA	NA	day	NA	orig=NA|orig.time=NA|orig.date=1877-9-9
1877	09	10	NA	NA	day	NA	orig=NA|orig.time=NA|orig.date=1877-9-10
1877	09	11	NA	NA	day	NA	orig=NA|orig.time=NA|orig.date=1877-9-11
1877	09	12	NA	NA	day	NA	orig=NA|orig.time=NA|orig.date=1877-9-12
1877	09	13	NA	NA	day	NA	orig=NA|orig.time=NA|orig.date=1877-9-13
1877	09	14	NA	NA	day	NA	orig=NA|orig.time=NA|orig.date=1877-9-14
1877	09	15	NA	NA	day	NA	orig=NA|orig.time=NA|orig.date=1877-9-15
1877	09	16	NA	NA	day	NA	orig=NA|orig.time=NA|orig.date=1877-9-16
1877	09	17	NA	NA	day	NA	orig=NA|orig.time=NA|orig.date=1877-9-17
1877	09	18	NA	NA	day	NA	orig=NA|orig.time=NA|orig.date=1877-9-18
1877	09	19	NA	NA	day	NA	orig=NA|orig.time=NA|orig.date=1877-9-19
1877	09	20	NA	NA	day	NA	orig=NA|orig.time=NA|orig.date=1877-9-20
1877	09	21	NA	NA	day	NA	orig=NA|orig.time=NA|orig.date=1877-9-21
1877	09	22	NA	NA	day	NA	orig=NA|orig.time=NA|orig.date=1877-9-22
1877	09	23	NA	NA	day	NA	orig=NA|orig.time=NA|orig.date=1877-9-23
1877	09	24	NA	NA	day	NA	orig=NA|orig.time=NA|orig.date=1877-9-24
1877	09	25	NA	NA	day	NA	orig=NA|orig.time=NA|orig.date=1877-9-25
1877	09	26	NA	NA	day	NA	orig=NA|orig.time=NA|orig.date=1877-9-26
1877	09	27	NA	NA	day	NA	orig=NA|orig.time=NA|orig.date=1877-9-27
1877	09	28	NA	NA	day	NA	orig=NA|orig.time=NA|orig.date=1877-9-28
1877	09	29	NA	NA	day	NA	orig=NA|orig.time=NA|orig.date=1877-9-29
1877	09	30	NA	NA	day	NA	orig=NA|orig.time=NA|orig.date=1877-9-30
1877	10	01	NA	NA	day	NA	orig=NA|orig.time=NA|orig.date=1877-10-1
1877	10	02	NA	NA	day	NA	orig=NA|orig.time=NA|orig.date=1877-10-2
1877	10	03	NA	NA	day	NA	orig=NA|orig.time=NA|orig.date=1877-10-3
1877	10	04	NA	NA	day	NA	orig=NA|orig.time=NA|orig.date=1877-10-4
1877	10	05	NA	NA	day	NA	orig=NA|orig.time=NA|orig.date=1877-10-5
1877	10	06	NA	NA	day	NA	orig=NA|orig.time=NA|orig.date=1877-10-6
1877	10	07	NA	NA	day	NA	orig=NA|orig.time=NA|orig.date=1877-10-7
1877	10	08	NA	NA	day	NA	orig=NA|orig.time=NA|orig.date=1877-10-8
1877	10	09	NA	NA	day	NA	orig=NA|orig.time=NA|orig.date=1877-10-9
1877	10	10	NA	NA	day	NA	orig=NA|orig.time=NA|orig.date=1877-10-10
1877	10	11	NA	NA	day	NA	orig=NA|orig.time=NA|orig.date=1877-10-11
1877	10	12	NA	NA	day	NA	orig=NA|orig.time=NA|orig.date=1877-10-12
1877	10	13	NA	NA	day	NA	orig=NA|orig.time=NA|orig.date=1877-10-13
1877	10	14	NA	NA	day	NA	orig=NA|orig.time=NA|orig.date=1877-10-14
1877	10	15	NA	NA	day	NA	orig=NA|orig.time=NA|orig.date=1877-10-15
1877	10	16	NA	NA	day	NA	orig=NA|orig.time=NA|orig.date=1877-10-16
1877	10	17	NA	NA	day	NA	orig=NA|orig.time=NA|orig.date=1877-10-17
1877	10	18	NA	NA	day	NA	orig=NA|orig.time=NA|orig.date=1877-10-18
1877	10	19	NA	NA	day	NA	orig=NA|orig.time=NA|orig.date=1877-10-19
1877	10	20	NA	NA	day	NA	orig=NA|orig.time=NA|orig.date=1877-10-20
1877	10	21	NA	NA	day	NA	orig=NA|orig.time=NA|orig.date=1877-10-21
1877	10	22	NA	NA	day	NA	orig=NA|orig.time=NA|orig.date=1877-10-22
1877	10	23	NA	NA	day	NA	orig=NA|orig.time=NA|orig.date=1877-10-23
1877	10	24	NA	NA	day	NA	orig=NA|orig.time=NA|orig.date=1877-10-24
1877	10	25	NA	NA	day	NA	orig=NA|orig.time=NA|orig.date=1877-10-25
1877	10	26	NA	NA	day	NA	orig=NA|orig.time=NA|orig.date=1877-10-26
1877	10	27	NA	NA	day	NA	orig=NA|orig.time=NA|orig.date=1877-10-27
1877	10	28	NA	NA	day	NA	orig=NA|orig.time=NA|orig.date=1877-10-28
1877	10	29	NA	NA	day	NA	orig=NA|orig.time=NA|orig.date=1877-10-29
1877	10	30	NA	NA	day	NA	orig=NA|orig.time=NA|orig.date=1877-10-30
1877	10	31	NA	NA	day	NA	orig=NA|orig.time=NA|orig.date=1877-10-31
1877	11	01	NA	NA	day	NA	orig=NA|orig.time=NA|orig.date=1877-11-1
1877	11	02	NA	NA	day	NA	orig=NA|orig.time=NA|orig.date=1877-11-2
1877	11	03	NA	NA	day	NA	orig=NA|orig.time=NA|orig.date=1877-11-3
1877	11	04	NA	NA	day	NA	orig=NA|orig.time=NA|orig.date=1877-11-4
1877	11	05	NA	NA	day	NA	orig=NA|orig.time=NA|orig.date=1877-11-5
1877	11	06	NA	NA	day	NA	orig=NA|orig.time=NA|orig.date=1877-11-6
1877	11	07	NA	NA	day	NA	orig=NA|orig.time=NA|orig.date=1877-11-7
1877	11	08	NA	NA	day	NA	orig=NA|orig.time=NA|orig.date=1877-11-8
1877	11	09	NA	NA	day	NA	orig=NA|orig.time=NA|orig.date=1877-11-9
1877	11	10	NA	NA	day	NA	orig=NA|orig.time=NA|orig.date=1877-11-10
1877	11	11	NA	NA	day	NA	orig=NA|orig.time=NA|orig.date=1877-11-11
1877	11	12	NA	NA	day	NA	orig=NA|orig.time=NA|orig.date=1877-11-12
1877	11	13	NA	NA	day	NA	orig=NA|orig.time=NA|orig.date=1877-11-13
1877	11	14	NA	NA	day	NA	orig=NA|orig.time=NA|orig.date=1877-11-14
1877	11	15	NA	NA	day	NA	orig=NA|orig.time=NA|orig.date=1877-11-15
1877	11	16	NA	NA	day	NA	orig=NA|orig.time=NA|orig.date=1877-11-16
1877	11	17	NA	NA	day	NA	orig=NA|orig.time=NA|orig.date=1877-11-17
1877	11	18	NA	NA	day	NA	orig=NA|orig.time=NA|orig.date=1877-11-18
1877	11	19	NA	NA	day	NA	orig=NA|orig.time=NA|orig.date=1877-11-19
1877	11	20	NA	NA	day	NA	orig=NA|orig.time=NA|orig.date=1877-11-20
1877	11	21	NA	NA	day	NA	orig=NA|orig.time=NA|orig.date=1877-11-21
1877	11	22	NA	NA	day	NA	orig=NA|orig.time=NA|orig.date=1877-11-22
1877	11	23	NA	NA	day	NA	orig=NA|orig.time=NA|orig.date=1877-11-23
1877	11	24	NA	NA	day	NA	orig=NA|orig.time=NA|orig.date=1877-11-24
1877	11	25	NA	NA	day	NA	orig=NA|orig.time=NA|orig.date=1877-11-25
1877	11	26	NA	NA	day	NA	orig=NA|orig.time=NA|orig.date=1877-11-26
1877	11	27	NA	NA	day	NA	orig=NA|orig.time=NA|orig.date=1877-11-27
1877	11	28	NA	NA	day	NA	orig=NA|orig.time=NA|orig.date=1877-11-28
1877	11	29	NA	NA	day	NA	orig=NA|orig.time=NA|orig.date=1877-11-29
1877	11	30	NA	NA	day	NA	orig=NA|orig.time=NA|orig.date=1877-11-30
1877	12	01	NA	NA	day	NA	orig=NA|orig.time=NA|orig.date=1877-12-1
1877	12	02	NA	NA	day	NA	orig=NA|orig.time=NA|orig.date=1877-12-2
1877	12	03	NA	NA	day	NA	orig=NA|orig.time=NA|orig.date=1877-12-3
1877	12	04	NA	NA	day	NA	orig=NA|orig.time=NA|orig.date=1877-12-4
1877	12	05	NA	NA	day	NA	orig=NA|orig.time=NA|orig.date=1877-12-5
1877	12	06	NA	NA	day	NA	orig=NA|orig.time=NA|orig.date=1877-12-6
1877	12	07	NA	NA	day	NA	orig=NA|orig.time=NA|orig.date=1877-12-7
1877	12	08	NA	NA	day	NA	orig=NA|orig.time=NA|orig.date=1877-12-8
1877	12	09	NA	NA	day	NA	orig=NA|orig.time=NA|orig.date=1877-12-9
1877	12	10	NA	NA	day	NA	orig=NA|orig.time=NA|orig.date=1877-12-10
1877	12	11	NA	NA	day	NA	orig=NA|orig.time=NA|orig.date=1877-12-11
1877	12	12	NA	NA	day	NA	orig=NA|orig.time=NA|orig.date=1877-12-12
1877	12	13	NA	NA	day	NA	orig=NA|orig.time=NA|orig.date=1877-12-13
1877	12	14	NA	NA	day	NA	orig=NA|orig.time=NA|orig.date=1877-12-14
1877	12	15	NA	NA	day	NA	orig=NA|orig.time=NA|orig.date=1877-12-15
1877	12	16	NA	NA	day	NA	orig=NA|orig.time=NA|orig.date=1877-12-16
1877	12	17	NA	NA	day	NA	orig=NA|orig.time=NA|orig.date=1877-12-17
1877	12	18	NA	NA	day	NA	orig=NA|orig.time=NA|orig.date=1877-12-18
1877	12	19	NA	NA	day	NA	orig=NA|orig.time=NA|orig.date=1877-12-19
1877	12	20	NA	NA	day	NA	orig=NA|orig.time=NA|orig.date=1877-12-20
1877	12	21	NA	NA	day	NA	orig=NA|orig.time=NA|orig.date=1877-12-21
1877	12	22	NA	NA	day	NA	orig=NA|orig.time=NA|orig.date=1877-12-22
1877	12	23	NA	NA	day	NA	orig=NA|orig.time=NA|orig.date=1877-12-23
1877	12	24	NA	NA	day	NA	orig=NA|orig.time=NA|orig.date=1877-12-24
1877	12	25	NA	NA	day	NA	orig=NA|orig.time=NA|orig.date=1877-12-25
1877	12	26	NA	NA	day	NA	orig=NA|orig.time=NA|orig.date=1877-12-26
1877	12	27	NA	NA	day	NA	orig=NA|orig.time=NA|orig.date=1877-12-27
1877	12	28	NA	NA	day	NA	orig=NA|orig.time=NA|orig.date=1877-12-28
1877	12	29	NA	NA	day	NA	orig=NA|orig.time=NA|orig.date=1877-12-29
1877	12	30	NA	NA	day	NA	orig=NA|orig.time=NA|orig.date=1877-12-30
1877	12	31	NA	NA	day	NA	orig=NA|orig.time=NA|orig.date=1877-12-31
1878	01	01	NA	NA	day	23.0	orig=23.0C|orig.time=NA|orig.date=1878-1-1
1878	01	02	NA	NA	day	23.0	orig=23.0C|orig.time=NA|orig.date=1878-1-2
1878	01	03	NA	NA	day	23.0	orig=23.0C|orig.time=NA|orig.date=1878-1-3
1878	01	04	NA	NA	day	21.2	orig=21.2C|orig.time=NA|orig.date=1878-1-4
1878	01	05	NA	NA	day	21.2	orig=21.2C|orig.time=NA|orig.date=1878-1-5
1878	01	06	NA	NA	day	21.0	orig=21.0C|orig.time=NA|orig.date=1878-1-6
1878	01	07	NA	NA	day	20.5	orig=20.5C|orig.time=NA|orig.date=1878-1-7
1878	01	08	NA	NA	day	24.5	orig=24.5C|orig.time=NA|orig.date=1878-1-8
1878	01	09	NA	NA	day	25.3	orig=25.3C|orig.time=NA|orig.date=1878-1-9
1878	01	10	NA	NA	day	25.3	orig=25.3C|orig.time=NA|orig.date=1878-1-10
1878	01	11	NA	NA	day	22.0	orig=22.0C|orig.time=NA|orig.date=1878-1-11
1878	01	12	NA	NA	day	20.5	orig=20.5C|orig.time=NA|orig.date=1878-1-12
1878	01	13	NA	NA	day	21.0	orig=21.0C|orig.time=NA|orig.date=1878-1-13
1878	01	14	NA	NA	day	22.8	orig=22.8C|orig.time=NA|orig.date=1878-1-14
1878	01	15	NA	NA	day	22.0	orig=22.0C|orig.time=NA|orig.date=1878-1-15
1878	01	16	NA	NA	day	22.8	orig=22.8C|orig.time=NA|orig.date=1878-1-16
1878	01	17	NA	NA	day	25.8	orig=25.8C|orig.time=NA|orig.date=1878-1-17
1878	01	18	NA	NA	day	22.0	orig=22.0C|orig.time=NA|orig.date=1878-1-18
1878	01	19	NA	NA	day	23.5	orig=23.5C|orig.time=NA|orig.date=1878-1-19
1878	01	20	NA	NA	day	22.2	orig=22.2C|orig.time=NA|orig.date=1878-1-20
1878	01	21	NA	NA	day	22.7	orig=22.7C|orig.time=NA|orig.date=1878-1-21
1878	01	22	NA	NA	day	22.0	orig=22.0C|orig.time=NA|orig.date=1878-1-22
1878	01	23	NA	NA	day	22.5	orig=22.5C|orig.time=NA|orig.date=1878-1-23
1878	01	24	NA	NA	day	22.8	orig=22.8C|orig.time=NA|orig.date=1878-1-24
1878	01	25	NA	NA	day	25.5	orig=25.5C|orig.time=NA|orig.date=1878-1-25
1878	01	26	NA	NA	day	23.0	orig=23.0C|orig.time=NA|orig.date=1878-1-26
1878	01	27	NA	NA	day	24.0	orig=24.0C|orig.time=NA|orig.date=1878-1-27
1878	01	28	NA	NA	day	24.6	orig=24.6C|orig.time=NA|orig.date=1878-1-28
1878	01	29	NA	NA	day	23.0	orig=23.0C|orig.time=NA|orig.date=1878-1-29
1878	01	30	NA	NA	day	23.5	orig=23.5C|orig.time=NA|orig.date=1878-1-30
1878	01	31	NA	NA	day	20.0	orig=20.0C|orig.time=NA|orig.date=1878-1-31
1878	02	01	NA	NA	day	20.0	orig=20.0C|orig.time=NA|orig.date=1878-2-1
1878	02	02	NA	NA	day	21.2	orig=21.2C|orig.time=NA|orig.date=1878-2-2
1878	02	03	NA	NA	day	22.4	orig=22.4C|orig.time=NA|orig.date=1878-2-3
1878	02	04	NA	NA	day	23.4	orig=23.4C|orig.time=NA|orig.date=1878-2-4
1878	02	05	NA	NA	day	24.2	orig=24.2C|orig.time=NA|orig.date=1878-2-5
1878	02	06	NA	NA	day	24.8	orig=24.8C|orig.time=NA|orig.date=1878-2-6
1878	02	07	NA	NA	day	24.5	orig=24.5C|orig.time=NA|orig.date=1878-2-7
1878	02	08	NA	NA	day	24.8	orig=24.8C|orig.time=NA|orig.date=1878-2-8
1878	02	09	NA	NA	day	24.6	orig=24.6C|orig.time=NA|orig.date=1878-2-9
1878	02	10	NA	NA	day	24.1	orig=24.1C|orig.time=NA|orig.date=1878-2-10
1878	02	11	NA	NA	day	24.8	orig=24.8C|orig.time=NA|orig.date=1878-2-11
1878	02	12	NA	NA	day	22.9	orig=22.9C|orig.time=NA|orig.date=1878-2-12
1878	02	13	NA	NA	day	22.8	orig=22.8C|orig.time=NA|orig.date=1878-2-13
1878	02	14	NA	NA	day	26.0	orig=26.0C|orig.time=NA|orig.date=1878-2-14
1878	02	15	NA	NA	day	24.6	orig=24.6C|orig.time=NA|orig.date=1878-2-15
1878	02	16	NA	NA	day	24.0	orig=24.0C|orig.time=NA|orig.date=1878-2-16
1878	02	17	NA	NA	day	22.6	orig=22.6C|orig.time=NA|orig.date=1878-2-17
1878	02	18	NA	NA	day	23.0	orig=23.0C|orig.time=NA|orig.date=1878-2-18
1878	02	19	NA	NA	day	21.6	orig=21.6C|orig.time=NA|orig.date=1878-2-19
1878	02	20	NA	NA	day	22.4	orig=22.4C|orig.time=NA|orig.date=1878-2-20
1878	02	21	NA	NA	day	24.0	orig=24.0C|orig.time=NA|orig.date=1878-2-21
1878	02	22	NA	NA	day	23.4	orig=23.4C|orig.time=NA|orig.date=1878-2-22
1878	02	23	NA	NA	day	24.2	orig=24.2C|orig.time=NA|orig.date=1878-2-23
1878	02	24	NA	NA	day	25.0	orig=25.0C|orig.time=NA|orig.date=1878-2-24
1878	02	25	NA	NA	day	25.4	orig=25.4C|orig.time=NA|orig.date=1878-2-25
1878	02	26	NA	NA	day	20.0	orig=20.0C|orig.time=NA|orig.date=1878-2-26
1878	02	27	NA	NA	day	25.0	orig=25.0C|orig.time=NA|orig.date=1878-2-27
1878	02	28	NA	NA	day	24.3	orig=24.3C|orig.time=NA|orig.date=1878-2-28
1878	03	01	NA	NA	day	23.2	orig=23.2C|orig.time=NA|orig.date=1878-3-1
1878	03	02	NA	NA	day	22.5	orig=22.5C|orig.time=NA|orig.date=1878-3-2
1878	03	03	NA	NA	day	22.7	orig=22.7C|orig.time=NA|orig.date=1878-3-3
1878	03	04	NA	NA	day	24.0	orig=24.0C|orig.time=NA|orig.date=1878-3-4
1878	03	05	NA	NA	day	21.0	orig=21.0C|orig.time=NA|orig.date=1878-3-5
1878	03	06	NA	NA	day	20.1	orig=20.1C|orig.time=NA|orig.date=1878-3-6
1878	03	07	NA	NA	day	20.1	orig=20.1C|orig.time=NA|orig.date=1878-3-7
1878	03	08	NA	NA	day	21.1	orig=21.1C|orig.time=NA|orig.date=1878-3-8
1878	03	09	NA	NA	day	21.7	orig=21.7C|orig.time=NA|orig.date=1878-3-9
1878	03	10	NA	NA	day	23.4	orig=23.4C|orig.time=NA|orig.date=1878-3-10
1878	03	11	NA	NA	day	21.7	orig=21.7C|orig.time=NA|orig.date=1878-3-11
1878	03	12	NA	NA	day	24.0	orig=24.0C|orig.time=NA|orig.date=1878-3-12
1878	03	13	NA	NA	day	23.8	orig=23.8C|orig.time=NA|orig.date=1878-3-13
1878	03	14	NA	NA	day	22.8	orig=22.8C|orig.time=NA|orig.date=1878-3-14
1878	03	15	NA	NA	day	22.8	orig=22.8C|orig.time=NA|orig.date=1878-3-15
1878	03	16	NA	NA	day	23.5	orig=23.5C|orig.time=NA|orig.date=1878-3-16
1878	03	17	NA	NA	day	23.4	orig=23.4C|orig.time=NA|orig.date=1878-3-17
1878	03	18	NA	NA	day	23.0	orig=23.0C|orig.time=NA|orig.date=1878-3-18
1878	03	19	NA	NA	day	22.5	orig=22.5C|orig.time=NA|orig.date=1878-3-19
1878	03	20	NA	NA	day	24.8	orig=24.8C|orig.time=NA|orig.date=1878-3-20
1878	03	21	NA	NA	day	24.1	orig=24.1C|orig.time=NA|orig.date=1878-3-21
1878	03	22	NA	NA	day	21.3	orig=21.3C|orig.time=NA|orig.date=1878-3-22
1878	03	23	NA	NA	day	19.1	orig=19.1C|orig.time=NA|orig.date=1878-3-23
1878	03	24	NA	NA	day	18.5	orig=18.5C|orig.time=NA|orig.date=1878-3-24
1878	03	25	NA	NA	day	18.7	orig=18.7C|orig.time=NA|orig.date=1878-3-25
1878	03	26	NA	NA	day	18.8	orig=18.8C|orig.time=NA|orig.date=1878-3-26
1878	03	27	NA	NA	day	20.0	orig=20.0C|orig.time=NA|orig.date=1878-3-27
1878	03	28	NA	NA	day	18.4	orig=18.4C|orig.time=NA|orig.date=1878-3-28
1878	03	29	NA	NA	day	20.8	orig=20.8C|orig.time=NA|orig.date=1878-3-29
1878	03	30	NA	NA	day	18.8	orig=18.8C|orig.time=NA|orig.date=1878-3-30
1878	03	31	NA	NA	day	19.0	orig=19.0C|orig.time=NA|orig.date=1878-3-31
1878	04	01	NA	NA	day	19.4	orig=19.4C|orig.time=NA|orig.date=1878-4-1
1878	04	02	NA	NA	day	19.1	orig=19.1C|orig.time=NA|orig.date=1878-4-2
1878	04	03	NA	NA	day	18.2	orig=18.2C|orig.time=NA|orig.date=1878-4-3
1878	04	04	NA	NA	day	18.9	orig=18.9C|orig.time=NA|orig.date=1878-4-4
1878	04	05	NA	NA	day	19.6	orig=19.6C|orig.time=NA|orig.date=1878-4-5
1878	04	06	NA	NA	day	19.6	orig=19.6C|orig.time=NA|orig.date=1878-4-6
1878	04	07	NA	NA	day	20.9	orig=20.9C|orig.time=NA|orig.date=1878-4-7
1878	04	08	NA	NA	day	18.6	orig=18.6C|orig.time=NA|orig.date=1878-4-8
1878	04	09	NA	NA	day	17.0	orig=17.0C|orig.time=NA|orig.date=1878-4-9
1878	04	10	NA	NA	day	18.4	orig=18.4C|orig.time=NA|orig.date=1878-4-10
1878	04	11	NA	NA	day	21.5	orig=21.5C|orig.time=NA|orig.date=1878-4-11
1878	04	12	NA	NA	day	20.0	orig=20.0C|orig.time=NA|orig.date=1878-4-12
1878	04	13	NA	NA	day	21.1	orig=21.1C|orig.time=NA|orig.date=1878-4-13
1878	04	14	NA	NA	day	19.0	orig=19.0C|orig.time=NA|orig.date=1878-4-14
1878	04	15	NA	NA	day	19.5	orig=19.5C|orig.time=NA|orig.date=1878-4-15
1878	04	16	NA	NA	day	18.8	orig=18.8C|orig.time=NA|orig.date=1878-4-16
1878	04	17	NA	NA	day	18.2	orig=18.2C|orig.time=NA|orig.date=1878-4-17
1878	04	18	NA	NA	day	13.8	orig=13.8C|orig.time=NA|orig.date=1878-4-18
1878	04	19	NA	NA	day	19.4	orig=19.4C|orig.time=NA|orig.date=1878-4-19
1878	04	20	NA	NA	day	19.1	orig=19.1C|orig.time=NA|orig.date=1878-4-20
1878	04	21	NA	NA	day	21.4	orig=21.4C|orig.time=NA|orig.date=1878-4-21
1878	04	22	NA	NA	day	19.7	orig=19.7C|orig.time=NA|orig.date=1878-4-22
1878	04	23	NA	NA	day	20.5	orig=20.5C|orig.time=NA|orig.date=1878-4-23
1878	04	24	NA	NA	day	19.1	orig=19.1C|orig.time=NA|orig.date=1878-4-24
1878	04	25	NA	NA	day	19.5	orig=19.5C|orig.time=NA|orig.date=1878-4-25
1878	04	26	NA	NA	day	20.4	orig=20.4C|orig.time=NA|orig.date=1878-4-26
1878	04	27	NA	NA	day	21.2	orig=21.2C|orig.time=NA|orig.date=1878-4-27
1878	04	28	NA	NA	day	18.8	orig=18.8C|orig.time=NA|orig.date=1878-4-28
1878	04	29	NA	NA	day	18.1	orig=18.1C|orig.time=NA|orig.date=1878-4-29
1878	04	30	NA	NA	day	19.1	orig=19.1C|orig.time=NA|orig.date=1878-4-30
1878	05	01	NA	NA	day	18.4	orig=18.4C|orig.time=NA|orig.date=1878-5-1
1878	05	02	NA	NA	day	18.5	orig=18.5C|orig.time=NA|orig.date=1878-5-2
1878	05	03	NA	NA	day	18.3	orig=18.3C|orig.time=NA|orig.date=1878-5-3
1878	05	04	NA	NA	day	15.2	orig=15.2C|orig.time=NA|orig.date=1878-5-4
1878	05	05	NA	NA	day	15.6	orig=15.6C|orig.time=NA|orig.date=1878-5-5
1878	05	06	NA	NA	day	16.5	orig=16.5C|orig.time=NA|orig.date=1878-5-6
1878	05	07	NA	NA	day	16.8	orig=16.8C|orig.time=NA|orig.date=1878-5-7
1878	05	08	NA	NA	day	17.5	orig=17.5C|orig.time=NA|orig.date=1878-5-8
1878	05	09	NA	NA	day	17.5	orig=17.5C|orig.time=NA|orig.date=1878-5-9
1878	05	10	NA	NA	day	17.4	orig=17.4C|orig.time=NA|orig.date=1878-5-10
1878	05	11	NA	NA	day	15.8	orig=15.8C|orig.time=NA|orig.date=1878-5-11
1878	05	12	NA	NA	day	16.6	orig=16.6C|orig.time=NA|orig.date=1878-5-12
1878	05	13	NA	NA	day	18.3	orig=18.3C|orig.time=NA|orig.date=1878-5-13
1878	05	14	NA	NA	day	18.0	orig=18.0C|orig.time=NA|orig.date=1878-5-14
1878	05	15	NA	NA	day	14.9	orig=14.9C|orig.time=NA|orig.date=1878-5-15
1878	05	16	NA	NA	day	15.8	orig=15.8C|orig.time=NA|orig.date=1878-5-16
1878	05	17	NA	NA	day	19.8	orig=19.8C|orig.time=NA|orig.date=1878-5-17
1878	05	18	NA	NA	day	18.8	orig=18.8C|orig.time=NA|orig.date=1878-5-18
1878	05	19	NA	NA	day	16.0	orig=16.0C|orig.time=NA|orig.date=1878-5-19
1878	05	20	NA	NA	day	17.1	orig=17.1C|orig.time=NA|orig.date=1878-5-20
1878	05	21	NA	NA	day	17.6	orig=17.6C|orig.time=NA|orig.date=1878-5-21
1878	05	22	NA	NA	day	17.6	orig=17.6C|orig.time=NA|orig.date=1878-5-22
1878	05	23	NA	NA	day	14.7	orig=14.7C|orig.time=NA|orig.date=1878-5-23
1878	05	24	NA	NA	day	12.3	orig=12.3C|orig.time=NA|orig.date=1878-5-24
1878	05	25	NA	NA	day	12.7	orig=12.7C|orig.time=NA|orig.date=1878-5-25
1878	05	26	NA	NA	day	12.7	orig=12.7C|orig.time=NA|orig.date=1878-5-26
1878	05	27	NA	NA	day	13.8	orig=13.8C|orig.time=NA|orig.date=1878-5-27
1878	05	28	NA	NA	day	13.1	orig=13.1C|orig.time=NA|orig.date=1878-5-28
1878	05	29	NA	NA	day	13.5	orig=13.5C|orig.time=NA|orig.date=1878-5-29
1878	05	30	NA	NA	day	12.9	orig=12.9C|orig.time=NA|orig.date=1878-5-30
1878	05	31	NA	NA	day	16.7	orig=16.7C|orig.time=NA|orig.date=1878-5-31
1878	06	01	NA	NA	day	15.0	orig=15.0C|orig.time=NA|orig.date=1878-6-1
1878	06	02	NA	NA	day	12.4	orig=12.4C|orig.time=NA|orig.date=1878-6-2
1878	06	03	NA	NA	day	11.6	orig=11.6C|orig.time=NA|orig.date=1878-6-3
1878	06	04	NA	NA	day	11.8	orig=11.8C|orig.time=NA|orig.date=1878-6-4
1878	06	05	NA	NA	day	9.5	orig=9.5C|orig.time=NA|orig.date=1878-6-5
1878	06	06	NA	NA	day	10.1	orig=10.1C|orig.time=NA|orig.date=1878-6-6
1878	06	07	NA	NA	day	9.9	orig=9.9C|orig.time=NA|orig.date=1878-6-7
1878	06	08	NA	NA	day	14.3	orig=14.3C|orig.time=NA|orig.date=1878-6-8
1878	06	09	NA	NA	day	15.0	orig=15.0C|orig.time=NA|orig.date=1878-6-9
1878	06	10	NA	NA	day	13.8	orig=13.8C|orig.time=NA|orig.date=1878-6-10
1878	06	11	NA	NA	day	13.2	orig=13.2C|orig.time=NA|orig.date=1878-6-11
1878	06	12	NA	NA	day	11.9	orig=11.9C|orig.time=NA|orig.date=1878-6-12
1878	06	13	NA	NA	day	12.0	orig=12.0C|orig.time=NA|orig.date=1878-6-13
1878	06	14	NA	NA	day	12.3	orig=12.3C|orig.time=NA|orig.date=1878-6-14
1878	06	15	NA	NA	day	11.8	orig=11.8C|orig.time=NA|orig.date=1878-6-15
1878	06	16	NA	NA	day	12.8	orig=12.8C|orig.time=NA|orig.date=1878-6-16
1878	06	17	NA	NA	day	10.1	orig=10.1C|orig.time=NA|orig.date=1878-6-17
1878	06	18	NA	NA	day	14.9	orig=14.9C|orig.time=NA|orig.date=1878-6-18
1878	06	19	NA	NA	day	13.0	orig=13.0C|orig.time=NA|orig.date=1878-6-19
1878	06	20	NA	NA	day	12.5	orig=12.5C|orig.time=NA|orig.date=1878-6-20
1878	06	21	NA	NA	day	13.2	orig=13.2C|orig.time=NA|orig.date=1878-6-21
1878	06	22	NA	NA	day	14.8	orig=14.8C|orig.time=NA|orig.date=1878-6-22
1878	06	23	NA	NA	day	14.2	orig=14.2C|orig.time=NA|orig.date=1878-6-23
1878	06	24	NA	NA	day	15.0	orig=15.0C|orig.time=NA|orig.date=1878-6-24
1878	06	25	NA	NA	day	14.5	orig=14.5C|orig.time=NA|orig.date=1878-6-25
1878	06	26	NA	NA	day	13.2	orig=13.2C|orig.time=NA|orig.date=1878-6-26
1878	06	27	NA	NA	day	17.6	orig=17.6C|orig.time=NA|orig.date=1878-6-27
1878	06	28	NA	NA	day	16.1	orig=16.1C|orig.time=NA|orig.date=1878-6-28
1878	06	29	NA	NA	day	16.0	orig=16.0C|orig.time=NA|orig.date=1878-6-29
1878	06	30	NA	NA	day	9.8	orig=9.8C|orig.time=NA|orig.date=1878-6-30
